Date,Open,High,Low,Close,Volume,Dividends,Stock Splits,Percent Change,Close_MA_3,Close_STD_3,Volume_MA_3,Volume_Spike,Down_Trend,Consecutive_Drops,Trust Score
2024-07-31 00:00:00-04:00,185.39,188.83,184.41,186.49,5558400.0,0.0,0.0,,,,,0.0,0.0,,10.0
2024-08-01 00:00:00-04:00,187.14,187.95,182.76,184.09,4085400.0,0.0,0.0,-1.29,,,,0.0,1.0,,9.355
2024-08-02 00:00:00-04:00,183.23,183.7,180.24,183.56,4548800.0,0.0,0.0,-0.28,184.71,1.56,4730866.67,0.0,1.0,2.0,9.08
2024-08-05 00:00:00-04:00,179.13,179.82,176.47,177.92,4975000.0,0.0,0.0,-3.07,181.86,3.42,4536400.0,0.0,1.0,3.0,4.755
2024-08-06 00:00:00-04:00,179.27,183.35,178.24,181.31,3632500.0,0.0,0.0,1.9,180.93,2.84,4385433.33,0.0,0.0,2.0,7.63
2024-08-07 00:00:00-04:00,182.55,184.29,181.21,181.31,3801900.0,0.0,0.0,0.0,180.18,1.96,4136466.67,0.0,0.0,1.0,9.02
2024-08-08 00:00:00-04:00,181.99,187.21,181.5,186.95,3712700.0,0.0,0.0,3.11,183.19,3.26,3715700.0,0.0,0.0,0.0,6.815
2024-08-09 00:00:00-04:00,187.18,188.6,185.09,187.45,2773700.0,1.67,0.0,0.27,185.24,3.41,3429433.33,0.0,0.0,0.0,8.16
2024-08-12 00:00:00-04:00,187.25,187.58,185.05,185.52,2290300.0,0.0,0.0,-1.03,186.64,1.0,2925566.67,0.0,1.0,1.0,8.985
2024-08-13 00:00:00-04:00,186.31,187.31,185.26,187.0,2178900.0,0.0,0.0,0.8,186.66,1.01,2414300.0,0.0,0.0,1.0,9.095
2024-08-14 00:00:00-04:00,187.15,189.05,186.74,188.3,1895100.0,0.0,0.0,0.7,186.94,1.39,2121433.33,0.0,0.0,1.0,8.955
2024-08-15 00:00:00-04:00,189.47,190.19,189.24,189.9,2472000.0,0.0,0.0,0.85,188.4,1.45,2182000.0,0.0,0.0,0.0,8.85
2024-08-16 00:00:00-04:00,189.53,190.29,188.83,189.73,2494400.0,0.0,0.0,-0.09,189.31,0.88,2287166.67,0.0,1.0,1.0,9.515
2024-08-19 00:00:00-04:00,189.79,191.44,189.67,190.66,2361400.0,0.0,0.0,0.49,190.1,0.5,2442600.0,0.0,0.0,1.0,9.505
2024-08-20 00:00:00-04:00,190.52,192.11,189.7,191.93,1790400.0,0.0,0.0,0.67,190.77,1.11,2215400.0,0.0,0.0,1.0,9.11
2024-08-21 00:00:00-04:00,191.87,193.21,190.06,193.09,2579300.0,0.0,0.0,0.6,191.89,1.21,2243700.0,0.0,0.0,0.0,9.095
2024-08-22 00:00:00-04:00,193.13,193.78,191.48,191.86,1969500.0,0.0,0.0,-0.63,192.29,0.69,2113066.67,0.0,1.0,1.0,9.34
2024-08-23 00:00:00-04:00,192.68,193.25,190.33,192.0,2322000.0,0.0,0.0,0.07,192.32,0.67,2290266.67,0.0,0.0,1.0,9.63
2024-08-26 00:00:00-04:00,191.9,194.2,191.81,193.84,2567200.0,0.0,0.0,0.96,192.57,1.1,2286233.33,0.0,0.0,1.0,8.97
2024-08-27 00:00:00-04:00,193.31,195.23,192.85,194.58,2617100.0,0.0,0.0,0.38,193.47,1.33,2502100.0,0.0,0.0,0.0,9.145
2024-08-28 00:00:00-04:00,194.84,195.82,193.36,194.31,2645200.0,0.0,0.0,-0.14,194.24,0.37,2609833.33,0.0,1.0,1.0,9.745
2024-08-29 00:00:00-04:00,195.13,196.92,194.13,194.74,2989600.0,0.0,0.0,0.22,194.54,0.22,2750633.33,0.0,0.0,1.0,9.78
2024-08-30 00:00:00-04:00,194.95,197.94,194.58,197.91,4751000.0,0.0,0.0,1.62,195.65,1.96,3461933.33,0.0,0.0,1.0,8.21
2024-09-03 00:00:00-04:00,197.69,200.44,196.03,197.07,3874700.0,0.0,0.0,-0.42,196.57,1.64,3871766.67,0.0,1.0,1.0,8.97
2024-09-04 00:00:00-04:00,196.56,200.09,196.31,199.84,3142500.0,0.0,0.0,1.41,198.27,1.42,3922733.33,0.0,0.0,1.0,8.585
2024-09-05 00:00:00-04:00,199.81,201.65,196.76,198.36,3229200.0,0.0,0.0,-0.74,198.42,1.39,3415466.67,0.0,1.0,2.0,8.935
2024-09-06 00:00:00-04:00,198.15,199.83,195.17,196.54,3304500.0,0.0,0.0,-0.91,198.25,1.65,3225400.0,0.0,1.0,2.0,8.72
2024-09-09 00:00:00-04:00,197.72,200.76,197.22,199.28,3705000.0,0.0,0.0,1.39,198.06,1.39,3412900.0,0.0,0.0,2.0,8.61
2024-09-10 00:00:00-04:00,199.93,201.53,198.63,201.03,3070600.0,0.0,0.0,0.88,198.95,2.26,3360033.33,0.0,0.0,1.0,8.43
2024-09-11 00:00:00-04:00,203.42,205.73,198.8,205.5,5554300.0,0.0,0.0,2.23,201.94,3.21,4109966.67,0.0,0.0,0.0,7.28
2024-09-12 00:00:00-04:00,205.61,208.21,203.92,207.19,4615300.0,0.0,0.0,0.82,204.57,3.18,4413400.0,0.0,0.0,0.0,8.0
2024-09-13 00:00:00-04:00,208.04,211.57,207.7,210.3,4572300.0,0.0,0.0,1.5,207.66,2.43,4913966.67,0.0,0.0,0.0,8.035
2024-09-16 00:00:00-04:00,211.37,213.35,211.02,212.62,4176100.0,0.0,0.0,1.1,210.04,2.73,4454566.67,0.0,0.0,0.0,8.085
2024-09-17 00:00:00-04:00,212.71,214.27,208.55,209.65,5635200.0,0.0,0.0,-1.4,210.86,1.56,4794533.33,0.0,1.0,1.0,8.52
2024-09-18 00:00:00-04:00,209.65,212.33,209.13,210.45,3482800.0,0.0,0.0,0.38,210.91,1.54,4431366.67,0.0,0.0,1.0,9.04
2024-09-19 00:00:00-04:00,213.45,213.91,205.97,209.42,5279600.0,0.0,0.0,-0.49,209.84,0.54,4799200.0,0.0,1.0,2.0,9.485
2024-09-20 00:00:00-04:00,209.85,213.3,209.27,213.15,9958800.0,0.0,0.0,1.78,211.01,1.93,6240400.0,0.0,0.0,1.0,8.145
2024-09-23 00:00:00-04:00,213.44,216.01,212.73,215.89,4074800.0,0.0,0.0,1.29,212.82,3.25,6437733.33,0.0,0.0,1.0,7.73
2024-09-24 00:00:00-04:00,215.19,216.57,213.6,216.35,3183900.0,0.0,0.0,0.21,215.13,1.73,5739166.67,0.0,0.0,0.0,9.03
2024-09-25 00:00:00-04:00,216.55,217.21,215.56,216.61,2537800.0,0.0,0.0,0.12,216.28,0.36,3265500.0,0.0,0.0,0.0,9.76
2024-09-26 00:00:00-04:00,217.47,219.32,216.73,218.76,2673200.0,0.0,0.0,0.99,217.24,1.32,2798300.0,0.0,0.0,0.0,8.845
2024-09-27 00:00:00-04:00,218.34,219.46,216.16,216.22,3830300.0,0.0,0.0,-1.16,217.2,1.37,3013766.67,0.0,1.0,1.0,8.735
2024-09-30 00:00:00-04:00,216.04,216.69,214.44,216.46,3543400.0,0.0,0.0,0.11,217.15,1.4,3348966.67,0.0,0.0,1.0,9.245
2024-10-01 00:00:00-04:00,216.02,216.48,211.39,214.77,3548400.0,0.0,0.0,-0.78,215.82,0.92,3640700.0,0.0,1.0,2.0,9.15
2024-10-02 00:00:00-04:00,213.75,215.6,211.29,215.14,3343400.0,0.0,0.0,0.17,215.45,0.89,3478400.0,0.0,0.0,1.0,9.47
2024-10-03 00:00:00-04:00,214.91,218.17,214.69,218.06,3788300.0,0.0,0.0,1.36,215.99,1.81,3560033.33,0.0,0.0,1.0,8.415
2024-10-04 00:00:00-04:00,219.07,221.35,218.6,221.28,3553800.0,0.0,0.0,1.47,218.16,3.07,3561833.33,0.0,0.0,0.0,7.73
2024-10-07 00:00:00-04:00,220.67,222.91,220.32,222.37,3458000.0,0.0,0.0,0.5,220.57,2.24,3600033.33,0.0,0.0,0.0,8.629999999999999
2024-10-08 00:00:00-04:00,223.34,224.56,222.29,223.84,3245100.0,0.0,0.0,0.66,222.5,1.29,3418966.67,0.0,0.0,0.0,9.025
2024-10-09 00:00:00-04:00,224.41,230.04,223.72,229.4,5083600.0,0.0,0.0,2.48,225.21,3.71,3928900.0,0.0,0.0,0.0,6.905
2024-10-10 00:00:00-04:00,230.19,230.9,226.96,228.15,3142000.0,0.0,0.0,-0.55,227.13,2.92,3823566.67,0.0,1.0,1.0,8.265
2024-10-11 00:00:00-04:00,228.37,228.56,225.64,228.38,3469200.0,0.0,0.0,0.1,228.65,0.67,3898266.67,0.0,0.0,1.0,9.615
2024-10-14 00:00:00-04:00,228.69,231.18,228.3,230.34,2524400.0,0.0,0.0,0.86,228.96,1.2,3045200.0,0.0,0.0,1.0,8.97
2024-10-15 00:00:00-04:00,231.46,232.41,227.85,228.09,3350600.0,0.0,0.0,-0.98,228.94,1.22,3114733.33,0.0,1.0,1.0,8.9
2024-10-16 00:00:00-04:00,227.26,228.99,226.29,228.79,2846700.0,0.0,0.0,0.3,229.07,1.15,2907233.33,0.0,0.0,1.0,9.275
2024-10-17 00:00:00-04:00,227.15,228.28,225.84,228.01,5040100.0,0.0,0.0,-0.34,228.3,0.43,3745800.0,0.0,1.0,2.0,9.615
2024-10-18 00:00:00-04:00,227.07,227.79,225.36,227.35,4715700.0,0.0,0.0,-0.29,228.05,0.72,4200833.33,0.0,1.0,2.0,9.495
2024-10-21 00:00:00-04:00,226.38,227.56,225.45,226.91,2733300.0,0.0,0.0,-0.19,227.42,0.56,4163033.33,0.0,1.0,3.0,7.625
2024-10-22 00:00:00-04:00,227.14,228.1,225.85,227.4,3180800.0,0.0,0.0,0.22,227.22,0.27,3543266.67,0.0,0.0,2.0,9.755
2024-10-23 00:00:00-04:00,225.59,228.46,225.45,227.89,5791000.0,0.0,0.0,0.22,227.4,0.49,3901700.0,0.0,0.0,1.0,9.645
2024-10-24 00:00:00-04:00,216.19,216.69,211.64,213.83,11193400.0,0.0,0.0,-6.17,223.04,7.98,6721733.33,0.0,1.0,1.0,5.0
2024-10-25 00:00:00-04:00,212.27,214.08,209.91,210.18,8482200.0,0.0,0.0,-1.7,217.3,9.35,8488866.67,0.0,1.0,2.0,6.15
2024-10-28 00:00:00-04:00,211.0,211.73,208.25,208.46,4993300.0,0.0,0.0,-0.82,210.82,2.74,8222966.67,0.0,1.0,3.0,6.22
2024-10-29 00:00:00-04:00,207.56,208.88,205.46,206.03,5258400.0,0.0,0.0,-1.16,208.22,2.09,6244633.33,0.0,1.0,3.0,6.375
2024-10-30 00:00:00-04:00,205.1,206.71,199.99,200.62,6956600.0,0.0,0.0,-2.63,205.04,4.01,5736100.0,0.0,1.0,3.0,4.68
2024-10-31 00:00:00-04:00,199.86,203.78,199.26,202.4,5925300.0,0.0,0.0,0.89,203.02,2.76,6046766.67,0.0,0.0,2.0,8.175
2024-11-01 00:00:00-04:00,203.43,205.45,203.07,203.9,3334100.0,0.0,0.0,0.74,202.3,1.64,5405333.33,0.0,0.0,1.0,8.81
2024-11-04 00:00:00-05:00,203.31,203.36,201.5,202.01,2593900.0,0.0,0.0,-0.93,202.77,1.0,3951100.0,0.0,1.0,1.0,9.035
2024-11-05 00:00:00-05:00,201.86,203.77,201.27,203.23,2441500.0,0.0,0.0,0.61,203.05,0.96,2789833.33,0.0,0.0,1.0,9.215
2024-11-06 00:00:00-05:00,209.02,209.85,205.97,209.14,3934400.0,0.0,0.0,2.91,204.79,3.81,2989933.33,0.0,0.0,1.0,6.64
2024-11-07 00:00:00-05:00,209.17,210.04,207.5,209.22,3675800.0,0.0,0.0,0.04,207.2,3.43,3350566.67,0.0,0.0,0.0,8.265
2024-11-08 00:00:00-05:00,209.68,212.17,208.33,209.25,3201000.0,0.0,0.0,0.01,209.2,0.06,3603733.33,0.0,0.0,0.0,9.965
2024-11-11 00:00:00-05:00,209.92,210.91,209.02,209.11,3013000.0,0.0,0.0,-0.07,209.19,0.08,3296600.0,0.0,1.0,1.0,9.925
2024-11-12 00:00:00-05:00,209.11,210.22,206.3,208.08,2817800.0,1.67,0.0,-0.49,208.81,0.64,3010600.0,0.0,1.0,2.0,9.435
2024-11-13 00:00:00-05:00,206.74,208.62,206.31,208.14,3247800.0,0.0,0.0,0.03,208.44,0.58,3026200.0,0.0,0.0,2.0,9.695
2024-11-14 00:00:00-05:00,207.23,207.72,203.63,206.23,6372900.0,0.0,0.0,-0.92,207.48,1.08,4146166.67,0.0,1.0,2.0,9.0
2024-11-15 00:00:00-05:00,204.72,205.74,201.38,202.29,3986500.0,0.0,0.0,-1.91,205.55,2.98,4535733.33,0.0,1.0,2.0,7.555
2024-11-18 00:00:00-05:00,204.27,205.67,202.66,205.35,3405900.0,0.0,0.0,1.51,204.62,2.07,4588433.33,0.0,0.0,2.0,8.21
2024-11-19 00:00:00-05:00,203.78,207.56,203.47,207.48,2860700.0,0.0,0.0,1.04,205.04,2.61,3417700.0,0.0,0.0,1.0,8.175
2024-11-20 00:00:00-05:00,208.22,212.13,207.0,211.77,4562900.0,0.0,0.0,2.07,208.2,3.27,3609833.33,0.0,0.0,0.0,7.33
2024-11-21 00:00:00-05:00,212.96,219.69,212.43,219.47,5236400.0,0.0,0.0,3.63,212.91,6.07,4220000.0,0.0,0.0,0.0,5.1850000000000005
2024-11-22 00:00:00-05:00,220.41,224.2,217.98,220.03,5320700.0,0.0,0.0,0.26,217.09,4.61,5040000.0,0.0,0.0,0.0,7.5649999999999995
2024-11-25 00:00:00-05:00,220.41,223.43,219.71,223.15,7189300.0,0.0,0.0,1.42,220.88,1.98,5915466.67,0.0,0.0,0.0,8.3
2024-11-26 00:00:00-05:00,223.74,225.96,222.54,225.81,4449500.0,0.0,0.0,1.19,223.0,2.89,5653166.67,0.0,0.0,0.0,7.96
2024-11-27 00:00:00-05:00,225.81,226.17,221.31,223.93,2995100.0,0.0,0.0,-0.83,224.3,1.37,4877966.67,0.0,1.0,1.0,8.9
2024-11-29 00:00:00-05:00,224.75,227.32,224.19,224.41,2640300.0,0.0,0.0,0.22,224.72,0.98,3361633.33,0.0,0.0,1.0,9.4
2024-12-02 00:00:00-05:00,224.5,225.37,222.54,224.39,2655900.0,0.0,0.0,-0.01,224.24,0.27,2763766.67,0.0,1.0,2.0,9.86
2024-12-03 00:00:00-05:00,224.24,226.09,223.68,225.98,3163800.0,0.0,0.0,0.71,224.93,0.91,2820000.0,0.0,0.0,1.0,9.19
2024-12-04 00:00:00-05:00,226.97,230.66,226.33,230.41,4104200.0,0.0,0.0,1.96,226.93,3.12,3307966.67,0.0,0.0,1.0,7.46
2024-12-05 00:00:00-05:00,230.47,233.4,230.38,231.65,4791100.0,0.0,0.0,0.54,229.35,2.98,4019700.0,0.0,0.0,0.0,8.24
2024-12-06 00:00:00-05:00,231.34,235.24,231.13,234.9,4028400.0,0.0,0.0,1.4,232.32,2.32,4307900.0,0.0,0.0,0.0,8.14
2024-12-09 00:00:00-05:00,234.86,236.19,225.89,226.97,4970400.0,0.0,0.0,-3.38,231.17,3.99,4596633.33,0.0,1.0,1.0,6.3149999999999995
2024-12-10 00:00:00-05:00,225.39,231.3,224.8,228.66,4769500.0,0.0,0.0,0.75,230.18,4.18,4589433.33,0.0,0.0,1.0,7.535
2024-12-11 00:00:00-05:00,229.62,229.93,226.11,227.09,3872700.0,0.0,0.0,-0.69,227.57,0.95,4537533.33,0.0,1.0,2.0,9.18
2024-12-12 00:00:00-05:00,227.62,230.81,227.34,229.2,4515700.0,0.0,0.0,0.93,228.32,1.1,4385966.67,0.0,0.0,1.0,8.985
2024-12-13 00:00:00-05:00,229.19,230.7,227.22,227.78,2757400.0,0.0,0.0,-0.62,228.02,1.08,3715266.67,0.0,1.0,2.0,9.15
2024-12-16 00:00:00-05:00,227.69,227.98,223.89,226.31,3610300.0,0.0,0.0,-0.65,227.76,1.45,3627800.0,0.0,1.0,2.0,8.95
2024-12-17 00:00:00-05:00,226.21,227.16,224.62,225.95,3651300.0,0.0,0.0,-0.16,226.68,0.97,3339666.67,0.0,1.0,3.0,7.4350000000000005
2024-12-18 00:00:00-05:00,226.02,226.02,217.13,217.27,4152500.0,0.0,0.0,-3.84,223.17,5.12,3804700.0,0.0,1.0,3.0,3.5199999999999996
2024-12-19 00:00:00-05:00,221.46,223.22,220.04,220.97,4427200.0,0.0,0.0,1.7,221.4,4.36,4077000.0,0.0,0.0,2.0,6.97
2024-12-20 00:00:00-05:00,219.79,224.68,218.76,220.42,12423200.0,0.0,0.0,-0.25,219.55,2.0,7000966.67,0.0,1.0,2.0,8.875
2024-12-23 00:00:00-05:00,219.87,220.79,218.17,219.0,2988100.0,0.0,0.0,-0.64,220.13,1.01,6612833.33,0.0,1.0,2.0,9.175
2024-12-24 00:00:00-05:00,219.34,221.48,218.62,221.45,1186200.0,0.0,0.0,1.12,220.29,1.23,5532500.0,0.0,0.0,2.0,8.825
2024-12-26 00:00:00-05:00,220.37,222.43,219.62,221.92,3286500.0,0.0,0.0,0.21,220.79,1.57,2486933.33,0.0,0.0,1.0,9.11
2024-12-27 00:00:00-05:00,220.2,221.46,218.49,219.84,1810800.0,0.0,0.0,-0.94,221.07,1.09,2094500.0,0.0,1.0,1.0,8.985
2024-12-30 00:00:00-05:00,217.63,218.67,214.78,217.35,2095600.0,0.0,0.0,-1.14,219.7,2.29,2397633.33,0.0,1.0,2.0,8.285
2024-12-31 00:00:00-05:00,217.81,218.14,215.56,216.93,2270200.0,0.0,0.0,-0.19,218.04,1.57,2058866.67,0.0,1.0,3.0,7.12
2025-01-02 00:00:00-05:00,218.9,219.56,214.73,217.04,2579500.0,0.0,0.0,0.05,217.11,0.21,2315100.0,0.0,0.0,2.0,9.87
2025-01-03 00:00:00-05:00,217.64,220.71,217.64,219.71,3872100.0,0.0,0.0,1.23,217.9,1.58,2907266.67,0.0,0.0,1.0,8.595
2025-01-06 00:00:00-05:00,220.06,221.39,217.84,219.73,2846700.0,0.0,0.0,0.01,218.83,1.55,3099433.33,0.0,0.0,0.0,9.22
2025-01-07 00:00:00-05:00,220.41,223.72,219.89,221.01,3299300.0,0.0,0.0,0.58,220.15,0.74,3339366.67,0.0,0.0,0.0,9.34
2025-01-08 00:00:00-05:00,220.96,221.93,217.92,220.24,2619800.0,0.0,0.0,-0.35,220.33,0.64,2921933.33,0.0,1.0,1.0,9.505
2025-01-10 00:00:00-05:00,219.07,219.5,213.94,216.85,3570300.0,0.0,0.0,-1.54,219.37,2.21,3163133.33,0.0,1.0,2.0,8.125
2025-01-13 00:00:00-05:00,215.02,216.69,211.92,214.53,3716800.0,0.0,0.0,-1.07,217.21,2.87,3302300.0,0.0,1.0,3.0,6.029999999999999
2025-01-14 00:00:00-05:00,215.13,215.25,211.78,214.88,3485500.0,0.0,0.0,0.16,215.42,1.25,3590866.67,0.0,0.0,2.0,9.295
2025-01-15 00:00:00-05:00,217.96,218.76,215.14,217.13,2951600.0,0.0,0.0,1.05,215.51,1.41,3384633.33,0.0,0.0,1.0,8.77
2025-01-16 00:00:00-05:00,216.79,219.74,214.51,219.72,3329100.0,0.0,0.0,1.2,217.24,2.42,3255400.0,0.0,0.0,0.0,8.19
2025-01-17 00:00:00-05:00,222.98,222.98,220.69,221.83,5506800.0,0.0,0.0,0.96,219.56,2.35,3929166.67,0.0,0.0,0.0,8.345
2025-01-21 00:00:00-05:00,222.02,224.45,219.89,221.3,3982200.0,0.0,0.0,-0.24,220.95,1.09,4272700.0,0.0,1.0,1.0,9.335
2025-01-22 00:00:00-05:00,219.05,221.44,217.44,220.32,4759500.0,0.0,0.0,-0.45,221.15,0.77,4749500.0,0.0,1.0,2.0,9.39
2025-01-23 00:00:00-05:00,220.99,223.06,220.21,223.06,3619700.0,0.0,0.0,1.25,221.56,1.39,4120466.67,0.0,0.0,2.0,8.68
2025-01-24 00:00:00-05:00,222.3,223.82,220.85,221.84,3232900.0,0.0,0.0,-0.55,221.74,1.37,3870700.0,0.0,1.0,2.0,9.04
2025-01-27 00:00:00-05:00,219.26,221.34,216.94,221.17,4898400.0,0.0,0.0,-0.3,222.02,0.96,3917000.0,0.0,1.0,2.0,9.37
2025-01-28 00:00:00-05:00,221.36,222.79,218.85,222.68,4485400.0,0.0,0.0,0.68,221.9,0.76,4205566.67,0.0,0.0,2.0,9.28
2025-01-29 00:00:00-05:00,222.65,226.44,220.78,225.62,7079800.0,0.0,0.0,1.32,223.16,2.26,5487866.67,0.0,0.0,1.0,8.21
2025-01-30 00:00:00-05:00,246.7,258.35,243.75,254.86,15381900.0,0.0,0.0,12.96,234.39,17.79,8982366.67,0.0,0.0,0.0,5.0
2025-01-31 00:00:00-05:00,252.67,253.85,248.57,252.33,7199800.0,0.0,0.0,-1.0,244.27,16.2,9887166.67,0.0,1.0,1.0,6.5
2025-02-03 00:00:00-05:00,249.07,258.6,248.52,257.29,8408500.0,0.0,0.0,1.97,254.83,2.48,10330066.67,0.0,0.0,1.0,7.775
2025-02-04 00:00:00-05:00,256.57,261.75,254.72,260.97,6077700.0,0.0,0.0,1.43,256.86,4.34,7228666.67,0.0,0.0,1.0,7.115
2025-02-05 00:00:00-05:00,262.21,262.22,257.74,259.83,6165100.0,0.0,0.0,-0.44,259.36,1.88,6883766.67,0.0,1.0,1.0,8.84
2025-02-06 00:00:00-05:00,259.51,259.91,249.4,250.1,6128300.0,0.0,0.0,-3.74,256.97,5.98,6123700.0,0.0,1.0,2.0,5.14
2025-02-07 00:00:00-05:00,251.91,253.54,248.7,249.01,3370300.0,0.0,0.0,-0.43,252.98,5.96,5221233.33,0.0,1.0,3.0,4.805
2025-02-10 00:00:00-05:00,249.2,250.28,245.24,247.62,3564400.0,1.67,0.0,-0.56,248.91,1.24,4354333.33,0.0,1.0,3.0,7.1
2025-02-11 00:00:00-05:00,249.44,255.05,248.92,253.02,4801600.0,0.0,0.0,2.18,249.88,2.8,3912100.0,0.0,0.0,2.0,7.51
2025-02-12 00:00:00-05:00,251.05,254.71,250.35,254.12,3075300.0,0.0,0.0,0.44,251.59,3.48,3813766.67,0.0,0.0,1.0,8.04
2025-02-13 00:00:00-05:00,253.97,257.57,252.73,257.48,4531500.0,0.0,0.0,1.32,254.87,2.32,4136133.33,0.0,0.0,0.0,8.18
2025-02-14 00:00:00-05:00,257.29,260.21,256.21,259.55,3925300.0,0.0,0.0,0.81,257.05,2.74,3844033.33,0.0,0.0,0.0,8.225
2025-02-18 00:00:00-05:00,260.2,262.22,258.11,261.33,4262800.0,0.0,0.0,0.69,259.45,1.93,4239866.67,0.0,0.0,0.0,8.69
2025-02-19 00:00:00-05:00,260.27,262.61,258.37,262.57,3718700.0,0.0,0.0,0.48,261.15,1.52,3968933.33,0.0,0.0,0.0,9.0
2025-02-20 00:00:00-05:00,261.91,263.34,260.42,262.99,4884800.0,0.0,0.0,0.16,262.3,0.86,4288766.67,0.0,0.0,0.0,9.49
2025-02-21 00:00:00-05:00,262.11,263.08,259.37,259.75,5667900.0,0.0,0.0,-1.23,261.77,1.76,4757133.33,0.0,1.0,1.0,8.504999999999999
2025-02-24 00:00:00-05:00,259.77,262.11,257.86,260.14,4398100.0,0.0,0.0,0.15,260.96,1.77,4983600.0,0.0,0.0,1.0,9.04
2025-02-25 00:00:00-05:00,259.35,261.74,255.07,256.05,6292200.0,0.0,0.0,-1.57,258.65,2.26,5452733.33,0.0,1.0,2.0,8.085
2025-02-26 00:00:00-05:00,256.39,256.62,252.73,254.15,3460100.0,0.0,0.0,-0.74,256.78,3.06,4716800.0,0.0,1.0,2.0,8.1
2025-02-27 00:00:00-05:00,253.53,255.93,251.38,251.56,3402200.0,0.0,0.0,-1.02,253.92,2.25,4384833.33,0.0,1.0,3.0,6.365
2025-02-28 00:00:00-05:00,249.2,251.14,244.91,250.77,7988800.0,0.0,0.0,-0.31,252.16,1.77,4950366.67,0.0,1.0,3.0,6.96
2025-03-03 00:00:00-05:00,253.06,254.3,246.61,248.54,2977700.0,0.0,0.0,-0.89,250.29,1.57,4789566.67,0.0,1.0,3.0,6.77
2025-03-04 00:00:00-05:00,247.11,253.79,246.46,251.54,5342100.0,0.0,0.0,1.21,250.28,1.56,5436200.0,0.0,0.0,2.0,8.615
2025-03-05 00:00:00-05:00,249.92,251.07,245.38,249.69,4009800.0,0.0,0.0,-0.73,249.92,1.51,4109866.67,0.0,1.0,2.0,8.879999999999999
2025-03-06 00:00:00-05:00,248.1,250.43,245.17,247.05,3254400.0,0.0,0.0,-1.06,249.42,2.26,4202100.0,0.0,1.0,2.0,8.34
2025-03-07 00:00:00-05:00,244.32,260.23,243.56,259.81,6700200.0,0.0,0.0,5.17,252.18,6.74,4654800.0,0.0,0.0,2.0,5.0
2025-03-10 00:00:00-04:00,259.83,264.69,253.07,255.2,8165500.0,0.0,0.0,-1.77,254.02,6.46,6040033.33,0.0,1.0,2.0,6.115
2025-03-11 00:00:00-04:00,254.3,255.0,244.23,247.3,5630600.0,0.0,0.0,-3.09,254.11,6.33,6832100.0,0.0,1.0,2.0,5.455
2025-03-12 00:00:00-04:00,248.7,251.46,243.91,247.98,3848800.0,0.0,0.0,0.27,250.16,4.38,5881633.33,0.0,0.0,2.0,7.675
2025-03-13 00:00:00-04:00,247.16,247.62,241.43,244.18,3862400.0,0.0,0.0,-1.53,246.49,2.03,4447266.67,0.0,1.0,2.0,8.22
2025-03-14 00:00:00-04:00,241.15,247.3,240.08,246.71,4045200.0,0.0,0.0,1.04,246.29,1.94,3918800.0,0.0,0.0,1.0,8.51
2025-03-17 00:00:00-04:00,247.6,252.95,247.35,251.3,3233900.0,0.0,0.0,1.86,247.39,3.61,3713833.33,0.0,0.0,1.0,7.265000000000001
2025-03-18 00:00:00-04:00,250.84,250.9,243.5,245.32,4171900.0,0.0,0.0,-2.38,247.77,3.13,3817000.0,0.0,1.0,1.0,7.245
2025-03-19 00:00:00-04:00,246.69,251.98,245.01,250.62,3853600.0,0.0,0.0,2.16,249.08,3.28,3753133.33,0.0,0.0,1.0,7.28
2025-03-20 00:00:00-04:00,242.63,245.17,235.65,241.71,7026800.0,0.0,0.0,-3.56,245.88,4.48,5017433.33,0.0,1.0,2.0,5.9799999999999995
2025-03-21 00:00:00-04:00,240.09,243.59,236.92,242.26,9580100.0,0.0,0.0,0.23,244.86,4.99,6820166.67,0.0,0.0,1.0,7.39
2025-03-24 00:00:00-04:00,245.68,247.18,244.34,246.81,4753300.0,0.0,0.0,1.88,243.59,2.8,7120066.67,0.0,0.0,1.0,7.66
2025-03-25 00:00:00-04:00,246.72,249.24,246.56,248.25,3133800.0,0.0,0.0,0.58,245.77,3.13,5822400.0,0.0,0.0,0.0,8.145
2025-03-26 00:00:00-04:00,249.59,252.64,247.88,248.69,4450100.0,0.0,0.0,0.18,247.91,0.98,4112400.0,0.0,0.0,0.0,9.42
2025-03-27 00:00:00-04:00,248.06,248.65,244.11,244.58,2889300.0,0.0,0.0,-1.65,247.17,2.25,3491066.67,0.0,1.0,1.0,8.05
2025-03-28 00:00:00-04:00,244.64,245.93,240.47,242.39,3125300.0,0.0,0.0,-0.9,245.22,3.2,3488233.33,0.0,1.0,2.0,7.949999999999999
2025-03-31 00:00:00-04:00,241.14,249.23,240.89,247.02,6795000.0,0.0,0.0,1.91,244.66,2.32,4269866.67,0.0,0.0,2.0,7.885
2025-04-01 00:00:00-04:00,246.39,248.96,241.88,248.69,4412900.0,0.0,0.0,0.68,246.03,3.26,4777733.33,0.0,0.0,1.0,8.03
2025-04-02 00:00:00-04:00,246.58,251.12,245.6,248.33,4080800.0,0.0,0.0,-0.14,248.01,0.88,5096233.33,0.0,1.0,1.0,9.49
2025-04-03 00:00:00-04:00,241.11,248.95,240.93,241.88,5309600.0,0.0,0.0,-2.6,246.3,3.83,4601100.0,0.0,1.0,2.0,6.785
2025-04-04 00:00:00-04:00,236.43,238.57,225.38,225.98,7407100.0,0.0,0.0,-6.58,238.73,11.5,5599166.67,0.0,1.0,3.0,3.0
2025-04-07 00:00:00-04:00,217.79,230.75,213.08,224.29,7797900.0,0.0,0.0,-0.75,230.71,9.71,6838200.0,0.0,1.0,3.0,4.625
2025-04-08 00:00:00-04:00,231.02,231.51,215.84,219.57,6850000.0,0.0,0.0,-2.1,223.28,3.32,7351666.67,0.0,1.0,3.0,5.29
2025-04-09 00:00:00-04:00,215.68,234.74,213.74,233.75,7302800.0,0.0,0.0,6.46,225.87,7.22,7316900.0,0.0,0.0,2.0,5.0
2025-04-10 00:00:00-04:00,229.47,231.03,220.55,228.03,5656100.0,0.0,0.0,-2.45,227.12,7.14,6602966.67,0.0,1.0,2.0,5.775
2025-04-11 00:00:00-04:00,228.2,236.01,226.01,233.92,4325900.0,0.0,0.0,2.58,231.9,3.35,5761600.0,0.0,0.0,1.0,7.035
2025-04-14 00:00:00-04:00,238.19,240.17,235.17,237.48,3321500.0,0.0,0.0,1.52,233.15,4.77,4434500.0,0.0,0.0,1.0,6.855
2025-04-15 00:00:00-04:00,237.97,239.93,236.69,239.11,3363700.0,0.0,0.0,0.69,236.84,2.65,3670366.67,0.0,0.0,0.0,8.33
2025-04-16 00:00:00-04:00,238.69,241.69,234.33,236.99,4869900.0,0.0,0.0,-0.88,237.86,1.11,3851700.0,0.0,1.0,1.0,9.004999999999999
2025-04-17 00:00:00-04:00,238.1,240.18,235.83,237.23,4635200.0,0.0,0.0,0.1,237.78,1.16,4289600.0,0.0,0.0,1.0,9.37
2025-04-21 00:00:00-04:00,236.5,239.22,231.39,234.66,4908900.0,0.0,0.0,-1.08,236.29,1.42,4804666.67,0.0,1.0,2.0,8.75
2025-04-22 00:00:00-04:00,236.92,241.04,236.45,239.31,4232700.0,0.0,0.0,1.98,237.07,2.33,4592266.67,0.0,0.0,1.0,7.845
2025-04-23 00:00:00-04:00,244.37,247.69,242.05,243.86,7948300.0,0.0,0.0,1.9,239.27,4.6,5696633.33,0.0,0.0,1.0,6.75
2025-04-24 00:00:00-04:00,229.65,231.24,222.96,227.81,15428100.0,0.0,0.0,-6.58,236.99,8.27,9203033.33,0.0,1.0,1.0,5.0
2025-04-25 00:00:00-04:00,227.44,231.82,224.82,230.87,6700100.0,0.0,0.0,1.34,234.18,8.52,10025500.0,0.0,0.0,1.0,6.33
2025-04-28 00:00:00-04:00,231.32,235.07,230.54,234.6,3653500.0,0.0,0.0,1.61,231.1,3.4,8593900.0,0.0,0.0,1.0,7.495
2025-04-29 00:00:00-04:00,235.43,238.39,234.58,237.81,3426500.0,0.0,0.0,1.37,234.43,3.47,4593366.67,0.0,0.0,0.0,7.58
2025-04-30 00:00:00-04:00,235.17,240.87,232.79,240.22,5143000.0,0.0,0.0,1.02,237.54,2.82,4074333.33,0.0,0.0,0.0,8.08
2025-05-01 00:00:00-04:00,239.84,240.77,236.38,238.08,4243300.0,0.0,0.0,-0.89,238.7,1.32,4270933.33,0.0,1.0,1.0,8.895
2025-05-02 00:00:00-04:00,241.52,244.07,239.73,243.93,3731900.0,0.0,0.0,2.46,240.74,2.96,4372733.33,0.0,0.0,1.0,7.29
2025-05-05 00:00:00-04:00,242.13,248.15,242.03,247.53,4137800.0,0.0,0.0,1.48,243.18,4.77,4037666.67,0.0,0.0,1.0,6.875
2025-05-06 00:00:00-04:00,246.12,248.54,244.48,247.47,2900600.0,0.0,0.0,-0.02,246.31,2.06,3590100.0,0.0,1.0,1.0,8.96
2025-05-07 00:00:00-04:00,247.8,252.79,247.19,251.7,3399700.0,0.0,0.0,1.71,248.9,2.42,3479366.67,0.0,0.0,1.0,7.9350000000000005
2025-05-08 00:00:00-04:00,253.31,254.82,251.58,252.46,3637000.0,0.0,0.0,0.3,250.54,2.69,3312433.33,0.0,0.0,1.0,8.505
2025-05-09 00:00:00-04:00,252.51,253.0,247.64,249.2,2901300.0,1.68,0.0,-1.29,251.12,1.7,3312666.67,0.0,1.0,1.0,8.504999999999999
2025-05-12 00:00:00-04:00,252.5,253.81,244.65,253.69,4609500.0,0.0,0.0,1.8,251.78,2.32,3715933.33,0.0,0.0,1.0,7.9399999999999995
2025-05-13 00:00:00-04:00,254.43,259.58,252.88,258.59,3521400.0,0.0,0.0,1.93,253.83,4.7,3677400.0,0.0,0.0,1.0,6.6850000000000005
2025-05-14 00:00:00-04:00,257.6,260.55,256.22,257.82,3634700.0,0.0,0.0,-0.3,256.7,2.64,3921866.67,0.0,1.0,1.0,8.53
2025-05-15 00:00:00-04:00,259.01,267.43,258.61,266.68,4856300.0,0.0,0.0,3.44,261.03,4.91,4004133.33,0.0,0.0,1.0,5.825
2025-05-16 00:00:00-04:00,266.35,267.98,264.59,266.76,3817900.0,0.0,0.0,0.03,263.75,5.14,4102966.67,0.0,0.0,1.0,7.415
2025-05-19 00:00:00-04:00,265.45,269.14,265.08,268.41,3198600.0,0.0,0.0,0.62,267.28,0.98,3957600.0,0.0,0.0,0.0,9.2
2025-05-20 00:00:00-04:00,267.4,269.28,265.62,266.95,2437900.0,0.0,0.0,-0.54,267.37,0.9,3151466.67,0.0,1.0,1.0,9.28
2025-05-21 00:00:00-04:00,264.97,265.65,260.41,260.87,3753900.0,0.0,0.0,-2.28,265.41,4.0,3130133.33,0.0,1.0,2.0,6.86
2025-05-22 00:00:00-04:00,260.77,261.27,257.91,258.37,3091300.0,0.0,0.0,-0.96,262.06,4.41,3094366.67,0.0,1.0,3.0,5.3149999999999995
2025-05-23 00:00:00-04:00,258.58,259.87,255.79,258.63,2722600.0,0.0,0.0,0.1,259.29,1.37,3189266.67,0.0,0.0,2.0,9.265
2025-05-27 00:00:00-04:00,261.0,263.79,259.63,263.23,3284200.0,0.0,0.0,1.78,260.08,2.73,3032700.0,0.0,0.0,1.0,7.745
2025-05-28 00:00:00-04:00,263.16,265.0,259.94,260.24,2318400.0,0.0,0.0,-1.14,260.7,2.33,2775066.67,0.0,1.0,1.0,8.265
2025-05-29 00:00:00-04:00,260.75,261.13,256.77,258.69,2295000.0,0.0,0.0,-0.6,260.72,2.31,2632533.33,0.0,1.0,2.0,8.545
2025-05-30 00:00:00-04:00,258.75,260.12,257.1,259.06,9668900.0,0.0,0.0,0.14,259.33,0.81,4760766.67,1.0,0.0,2.0,10.0
2025-06-02 00:00:00-04:00,257.85,263.98,257.22,263.9,2831900.0,0.0,0.0,1.87,260.55,2.91,4931933.33,0.0,0.0,1.0,7.609999999999999
2025-06-03 00:00:00-04:00,263.35,265.56,262.58,265.2,2494700.0,0.0,0.0,0.49,262.72,3.24,4998500.0,0.0,0.0,0.0,8.135
2025-06-04 00:00:00-04:00,264.9,267.0,264.79,265.52,2588600.0,0.0,0.0,0.12,264.87,0.86,2638400.0,0.0,0.0,0.0,9.51
2025-06-05 00:00:00-04:00,265.2,267.51,265.1,266.86,2658400.0,0.0,0.0,0.5,265.86,0.88,2580566.67,0.0,0.0,0.0,9.31
2025-06-06 00:00:00-04:00,267.99,270.17,267.53,268.87,2495200.0,0.0,0.0,0.75,267.08,1.69,2580733.33,0.0,0.0,0.0,8.78
2025-06-09 00:00:00-04:00,268.1,273.47,266.71,272.08,4331500.0,0.0,0.0,1.19,269.27,2.63,3161700.0,0.0,0.0,0.0,8.09
2025-06-10 00:00:00-04:00,273.19,277.47,272.56,276.24,5163500.0,0.0,0.0,1.53,272.4,3.7,3996733.33,0.0,0.0,0.0,7.385
2025-06-11 00:00:00-04:00,276.7,281.75,275.11,281.52,4656000.0,0.0,0.0,1.91,276.61,4.73,4717000.0,0.0,0.0,0.0,6.68
2025-06-12 00:00:00-04:00,281.53,283.06,279.83,281.03,3418000.0,0.0,0.0,-0.17,279.6,2.92,4412500.0,0.0,1.0,1.0,8.455
2025-06-13 00:00:00-04:00,278.21,279.84,275.83,277.22,3243800.0,0.0,0.0,-1.36,279.92,2.35,3772600.0,0.0,1.0,2.0,8.145
2025-06-16 00:00:00-04:00,279.31,284.5,278.67,281.83,3685300.0,0.0,0.0,1.66,280.03,2.46,3449033.33,0.0,0.0,2.0,7.9399999999999995
2025-06-17 00:00:00-04:00,281.15,284.79,281.0,283.05,3069600.0,0.0,0.0,0.43,280.7,3.07,3332900.0,0.0,0.0,1.0,8.25
2025-06-18 00:00:00-04:00,285.0,286.91,282.94,283.21,3534100.0,0.0,0.0,0.06,282.7,0.75,3429666.67,0.0,0.0,0.0,9.595
2025-06-20 00:00:00-04:00,279.28,284.12,277.2,280.97,7677000.0,0.0,0.0,-0.79,282.41,1.25,4760233.33,0.0,1.0,1.0,8.98
2025-06-23 00:00:00-04:00,281.65,289.58,280.21,289.18,3786200.0,0.0,0.0,2.92,284.45,4.24,4999100.0,0.0,0.0,1.0,6.42
2025-06-24 00:00:00-04:00,290.46,294.34,288.41,293.79,4219100.0,0.0,0.0,1.59,287.98,6.49,5227433.33,0.0,0.0,1.0,6.205
2025-06-25 00:00:00-04:00,294.49,296.16,289.5,291.06,3862300.0,0.0,0.0,-0.93,291.34,2.32,3955866.67,0.0,1.0,1.0,8.375
2025-06-26 00:00:00-04:00,291.8,292.91,290.17,291.93,3621100.0,0.0,0.0,0.3,292.26,1.39,3900833.33,0.0,0.0,1.0,9.155
2025-06-27 00:00:00-04:00,292.97,293.12,288.52,289.7,3562500.0,0.0,0.0,-0.76,290.9,1.12,3681966.67,0.0,1.0,2.0,9.06
2025-06-30 00:00:00-04:00,290.93,294.81,290.0,294.78,3495400.0,0.0,0.0,1.75,292.14,2.55,3559666.67,0.0,0.0,1.0,7.85
2025-07-01 00:00:00-04:00,294.55,295.11,290.08,291.2,3272800.0,0.0,0.0,-1.21,291.89,2.61,3443566.67,0.0,1.0,2.0,8.09
2025-07-02 00:00:00-04:00,290.0,290.19,286.9,287.65,3257500.0,0.0,0.0,-1.22,291.21,3.57,3341900.0,0.0,1.0,2.0,7.605
2025-07-03 00:00:00-04:00,287.94,292.32,287.9,291.97,1853300.0,0.0,0.0,1.5,290.27,2.3,2794533.33,0.0,0.0,2.0,8.1
2025-07-07 00:00:00-04:00,292.5,295.22,290.36,292.47,4488100.0,0.0,0.0,0.17,290.7,2.65,3199633.33,0.0,0.0,1.0,8.59
2025-07-08 00:00:00-04:00,293.1,295.61,289.49,290.42,2925300.0,0.0,0.0,-0.7,291.62,1.07,3088900.0,0.0,1.0,1.0,9.115
2025-07-09 00:00:00-04:00,291.39,291.6,288.63,290.14,2971300.0,0.0,0.0,-0.1,291.01,1.27,3461566.67,0.0,1.0,2.0,9.315
2025-07-10 00:00:00-04:00,288.9,288.9,282.21,287.43,3487800.0,0.0,0.0,-0.93,289.33,1.65,3128133.33,0.0,1.0,3.0,6.71
2025-07-11 00:00:00-04:00,285.01,287.43,282.92,283.59,3790700.0,0.0,0.0,-1.34,287.05,3.29,3416600.0,0.0,1.0,3.0,5.6850000000000005
2025-07-14 00:00:00-04:00,282.83,284.93,281.71,283.79,2857100.0,0.0,0.0,0.07,284.94,2.16,3378533.33,0.0,0.0,2.0,8.885
2025-07-15 00:00:00-04:00,283.77,284.15,280.73,282.7,2864100.0,0.0,0.0,-0.38,283.36,0.58,3170633.33,0.0,1.0,2.0,9.52
2025-07-16 00:00:00-04:00,282.75,283.87,279.87,281.92,2804800.0,0.0,0.0,-0.28,282.8,0.94,2842000.0,0.0,1.0,2.0,9.39
2025-07-17 00:00:00-04:00,281.5,283.46,280.9,282.0,3337200.0,0.0,0.0,0.03,282.21,0.43,3002033.33,0.0,0.0,2.0,9.77
2025-07-18 00:00:00-04:00,283.38,287.16,282.22,285.87,4478200.0,0.0,0.0,1.37,283.26,2.26,3540066.67,0.0,0.0,1.0,8.185
2025-07-21 00:00:00-04:00,286.29,287.73,284.38,284.71,3051800.0,0.0,0.0,-0.41,284.19,1.99,3622400.0,0.0,1.0,1.0,8.8
2025-07-22 00:00:00-04:00,284.74,284.88,281.25,281.96,4824200.0,0.0,0.0,-0.97,284.18,2.01,4118066.67,0.0,1.0,2.0,8.51
2025-07-23 00:00:00-04:00,284.3,288.08,281.44,282.01,8105900.0,0.0,0.0,0.02,282.89,1.57,5327300.0,0.0,0.0,2.0,9.205
2025-07-24 00:00:00-04:00,261.25,262.05,252.75,260.51,22647700.0,0.0,0.0,-7.62,274.83,12.4,11859266.67,0.0,1.0,2.0,5.0
2025-07-25 00:00:00-04:00,260.02,260.8,256.35,259.72,7758700.0,0.0,0.0,-0.3,267.41,12.65,12837433.33,0.0,1.0,2.0,6.85
2025-07-28 00:00:00-04:00,260.3,264.0,259.61,263.21,5192500.0,0.0,0.0,1.34,261.15,1.83,11866300.0,0.0,0.0,2.0,8.415
2025-07-29 00:00:00-04:00,264.3,265.8,261.02,262.41,4627300.0,0.0,0.0,-0.3,261.78,1.83,5859500.0,0.0,1.0,2.0,8.935
2025-07-30 00:00:00-04:00,261.6,262.0,258.9,260.26,3711000.0,0.0,0.0,-0.82,261.96,1.53,4510266.67,0.0,1.0,2.0,8.825
Aggregated,,,,,,,,,,,,,,,8.1139
